n_neighbors,mean_accuracy_score,mean_roc_auc_score,mean_precision_score,mean_recall_score,mean_f1_score,mean_cm_TN,mean_cm_FP,mean_cm_FN,mean_cm_TP
1,0.8043813683,0.5589110463,0.2361177318,0.2272217978,0.2314291174,913.4,112.2,118.4,34.8
2,0.8586702951,0.5764850405,0.2873802060,0.0587556235,0.0974268558,1003.2,22.4,144.2,9.0
3,0.8445856682,0.5862407245,0.3005629171,0.1474832357,0.1977343585,973.0,52.6,130.6,22.6
4,0.8642668224,0.6042128042,0.3557606491,0.0534929123,0.0926782063,1010.6,15.0,145.0,8.2
5,0.8569717839,0.6086379554,0.3159381044,0.0874204227,0.1367572150,996.8,28.8,139.8,13.4
6,0.8666435884,0.6083813332,0.3776537498,0.0443595620,0.0791900812,1014.8,10.8,146.4,6.8
7,0.8629110349,0.6065341233,0.3450025138,0.0665478313,0.1109171788,1007.0,18.6,143.0,10.2
